undefinedname,dateCreated,dateUpdated,isActive,contact,whoUpdated
aaarwefer,25/06/18 11:45:02,26/06/18 14:27:24,null,FALCON, JENNIFER,null
adas,26/06/18 18:36:26,26/06/18 18:36:31,null, Tatyana.Liberova,PROG3
adasd,26/06/18 18:10:25,27/06/18 12:05:02,null, Tatyana.Liberova,PROG3
addssf,26/06/18 18:00:40,26/06/18 18:00:43,null, Tatyana.Liberova,PROG3
afsfsdf,26/06/18 15:40:31,null,null,null,PROG3
agdggdsd,26/06/18 18:38:29,26/06/18 18:38:32,null, Tatyana.Liberova,PROG3
asda,26/06/18 18:19:25,26/06/18 18:19:29,null, Tatyana.Liberova,PROG3
asdas,26/06/18 18:34:23,26/06/18 18:34:26,null, Tatyana.Liberova,PROG3
asdasd,26/06/18 14:15:24,26/06/18 14:15:35,null,FALCON, JENNIFER,null
asdasdas,26/06/18 15:50:41,null,null,FALCON, JENNIFER,PROG3
asdasdasdasd,26/06/18 14:34:34,26/06/18 14:34:42,null,FALCON, JENNIFER,null
asfas fbf efs,26/06/18 18:02:10,26/06/18 18:03:27,null, Tatyana.Liberova,PROG3
dadas,26/06/18 16:10:25,null,null,FALCON, JENNIFER,PROG3
dcdscsd asa,25/06/18 11:45:23,25/06/18 11:45:25,null,FALCON, JENNIFER,null
ddasdas,26/06/18 18:16:28,26/06/18 18:16:32,null, Tatyana.Liberova,PROG3
dfghjijhgsd,26/06/18 16:21:22,null,null,FALCON, JENNIFER,PROG3
dsfsdfas,26/06/18 16:00:20,null,null,FALCON, JENNIFER,PROG3
erfdsfd,26/06/18 15:39:55,null,null,null,PROG3
erwfygehdsj,27/06/18 10:59:26,27/06/18 10:59:29,null,falc,PROG3
eryutgfds,26/06/18 15:37:29,26/06/18 15:37:35,null,null,PROG3
fewrfwdss ddd,25/06/18 11:25:23,25/06/18 11:25:27,null,FALCON, JENNIFER,null
fgbg,26/06/18 17:51:16,26/06/18 17:54:30,null, Tatyana.Liberova,PROG3
fghjkkjb,26/06/18 16:16:54,null,null,FALCON, JENNIFER,PROG3
fsafds,26/06/18 15:35:35,null,null,FALCON, JENNIFER,PROG3
ghjoasdas,26/06/18 16:17:54,null,null,FALCON, JENNIFER,PROG3
gsdfdg,26/06/18 15:38:25,null,null,null,PROG3
gsdgd,26/06/18 15:45:04,null,null,FALCON, JENNIFER,PROG3
gsdgddds,26/06/18 15:45:14,null,null,FALCON, JENNIFER,PROG3
NOTIFICATION TEST,26/06/18 14:35:26,26/06/18 14:35:28,null,FALCON, JENNIFER,null
ryset,26/06/18 15:36:48,null,null,null,PROG3
sadf,26/06/18 15:51:19,null,null,FALCON, JENNIFER,PROG3
safdfghjk,26/06/18 16:14:04,null,null,FALCON, JENNIFER,PROG3
sdfsdf,26/06/18 15:47:24,null,null,FALCON, JENNIFER,PROG3
sdfsdffsdfs,26/06/18 17:59:48,26/06/18 17:59:55,null, Tatyana.Liberova,PROG3
sdfsfs,26/06/18 18:11:23,26/06/18 18:11:29,null, Tatyana.Liberova,PROG3
test ssds,25/06/18 11:24:57,25/06/18 11:25:02,null,FALCON, JENNIFER,null
test test,26/06/18 15:23:43,26/06/18 15:26:02,null,FALCON, JENNIFER,PROG3
TEST xfsdfsd,26/06/18 15:26:54,26/06/18 15:26:56,null,FALCON, JENNIFER,PROG3
vjxn,26/06/18 16:11:54,null,null,FALCON, JENNIFER,PROG3
wasdfa,26/06/18 16:05:34,null,null,FALCON, JENNIFER,PROG3
xasxas,26/06/18 15:45:57,null,null,FALCON, JENNIFER,PROG3